{
  "model": "qwen2.5-7b",
  "n_windows": 20,
  "n_trials": 10,
  "conditions": {
    "mult_k300": {
      "per_depth": {
        "start": 0.8,
        "25%": 0.7,
        "50%": 0.7,
        "75%": 0.8,
        "end": 0.7
      },
      "avg": 0.74
    },
    "mult_k284": {
      "per_depth": {
        "start": 0.9,
        "25%": 0.7,
        "50%": 0.8,
        "75%": 0.9,
        "end": 0.8
      },
      "avg": 0.8200000000000001
    },
    "hybrid_k300": {
      "per_depth": {
        "start": 0.8,
        "25%": 0.7,
        "50%": 1.0,
        "75%": 1.0,
        "end": 0.9
      },
      "avg": 0.8800000000000001
    }
  },
  "raw": {
    "mult_k300": {
      "start": [
        1,
        0,
        1,
        1,
        1,
        1,
        1,
        0,
        1,
        1
      ],
      "25%": [
        0,
        0,
        1,
        1,
        1,
        1,
        0,
        1,
        1,
        1
      ],
      "50%": [
        1,
        1,
        1,
        1,
        0,
        0,
        1,
        1,
        1,
        0
      ],
      "75%": [
        1,
        1,
        1,
        1,
        0,
        1,
        1,
        1,
        0,
        1
      ],
      "end": [
        1,
        1,
        0,
        1,
        1,
        1,
        1,
        0,
        0,
        1
      ]
    },
    "mult_k284": {
      "start": [
        1,
        1,
        1,
        0,
        1,
        1,
        1,
        1,
        1,
        1
      ],
      "25%": [
        0,
        1,
        0,
        1,
        1,
        1,
        1,
        0,
        1,
        1
      ],
      "50%": [
        1,
        1,
        1,
        1,
        0,
        1,
        1,
        1,
        1,
        0
      ],
      "75%": [
        1,
        1,
        1,
        1,
        1,
        1,
        1,
        1,
        0,
        1
      ],
      "end": [
        1,
        1,
        0,
        1,
        1,
        1,
        1,
        0,
        1,
        1
      ]
    },
    "hybrid_k300": {
      "start": [
        1,
        1,
        1,
        0,
        1,
        1,
        1,
        0,
        1,
        1
      ],
      "25%": [
        1,
        0,
        1,
        1,
        1,
        1,
        0,
        0,
        1,
        1
      ],
      "50%": [
        1,
        1,
        1,
        1,
        1,
        1,
        1,
        1,
        1,
        1
      ],
      "75%": [
        1,
        1,
        1,
        1,
        1,
        1,
        1,
        1,
        1,
        1
      ],
      "end": [
        1,
        1,
        1,
        1,
        1,
        1,
        1,
        1,
        0,
        1
      ]
    }
  }
}