{
  "model": "mistral-7b-v0.3",
  "checkpoint": "./checkpoints/astro_hybrid_mistral-7b-v0_3_n16_k284_t5000_s42_w10_diverse.pt",
  "n_eval": 100,
  "seed": 123,
  "k_real": 284,
  "n_mem": 16,
  "attn_dim": 256,
  "results": {
    "pos_0": {
      "pure300": 0.43,
      "hybrid": 0.58,
      "delta": 0.14999999999999997
    },
    "pos_1": {
      "pure300": 0.42,
      "hybrid": 0.58,
      "delta": 0.15999999999999998
    },
    "pos_2": {
      "pure300": 0.42,
      "hybrid": 0.57,
      "delta": 0.14999999999999997
    },
    "pos_3": {
      "pure300": 0.48,
      "hybrid": 0.53,
      "delta": 0.050000000000000044
    }
  },
  "average": {
    "pure300": 0.4375,
    "hybrid": 0.565,
    "delta": 0.12749999999999995
  }
}