{
  "model": "llama-3.1-8b",
  "checkpoint": "./checkpoints/astro_hybrid_llama-3_1-8b_n16_k284_t5000_s42.pt",
  "n_eval": 100,
  "seed": 7,
  "k_real": 284,
  "n_mem": 16,
  "attn_dim": 256,
  "results": {
    "pos_0": {
      "pure300": 0.6,
      "hybrid": 0.68,
      "delta": 0.08000000000000007
    },
    "pos_1": {
      "pure300": 0.6,
      "hybrid": 0.68,
      "delta": 0.08000000000000007
    },
    "pos_2": {
      "pure300": 0.6,
      "hybrid": 0.68,
      "delta": 0.08000000000000007
    },
    "pos_3": {
      "pure300": 0.45,
      "hybrid": 0.47,
      "delta": 0.019999999999999962
    }
  },
  "average": {
    "pure300": 0.5625,
    "hybrid": 0.6275,
    "delta": 0.06499999999999995
  }
}