{
  "model": "llama-3.1-8b",
  "checkpoint": "./checkpoints/astro_hybrid_llama-3_1-8b_n16_k284_t5000_s42.pt",
  "n_eval": 100,
  "seed": 42,
  "k_real": 284,
  "n_mem": 16,
  "attn_dim": 256,
  "results": {
    "pos_0": {
      "pure300": 0.53,
      "hybrid": 0.66,
      "delta": 0.13
    },
    "pos_1": {
      "pure300": 0.53,
      "hybrid": 0.66,
      "delta": 0.13
    },
    "pos_2": {
      "pure300": 0.53,
      "hybrid": 0.65,
      "delta": 0.12
    },
    "pos_3": {
      "pure300": 0.41,
      "hybrid": 0.44,
      "delta": 0.030000000000000027
    }
  },
  "average": {
    "pure300": 0.5,
    "hybrid": 0.6025,
    "delta": 0.10250000000000004
  }
}