{
  "model": "qwen2.5-7b",
  "checkpoint": "./checkpoints/astro_hybrid_qwen2_5-7b_n16_k284_t5000_s42.pt",
  "n_eval": 100,
  "seed": 123,
  "k_real": 284,
  "n_mem": 16,
  "attn_dim": 512,
  "results": {
    "pos_0": {
      "pure300": 0.62,
      "hybrid": 0.7,
      "delta": 0.07999999999999996
    },
    "pos_1": {
      "pure300": 0.62,
      "hybrid": 0.7,
      "delta": 0.07999999999999996
    },
    "pos_2": {
      "pure300": 0.62,
      "hybrid": 0.7,
      "delta": 0.07999999999999996
    },
    "pos_3": {
      "pure300": 0.46,
      "hybrid": 0.53,
      "delta": 0.07
    }
  },
  "average": {
    "pure300": 0.58,
    "hybrid": 0.6575,
    "delta": 0.07750000000000001
  }
}