{
  "model": "llama-3.1-8b",
  "checkpoint": "./checkpoints/astro_hybrid_llama-3_1-8b_n16_k284_t5000_s42.pt",
  "n_eval": 100,
  "seed": 999,
  "k_real": 284,
  "n_mem": 16,
  "attn_dim": 256,
  "results": {
    "pos_0": {
      "pure300": 0.6,
      "hybrid": 0.7,
      "delta": 0.09999999999999998
    },
    "pos_1": {
      "pure300": 0.6,
      "hybrid": 0.69,
      "delta": 0.08999999999999997
    },
    "pos_2": {
      "pure300": 0.6,
      "hybrid": 0.7,
      "delta": 0.09999999999999998
    },
    "pos_3": {
      "pure300": 0.5,
      "hybrid": 0.56,
      "delta": 0.06000000000000005
    }
  },
  "average": {
    "pure300": 0.575,
    "hybrid": 0.6625,
    "delta": 0.08750000000000002
  }
}