{
  "model": "qwen2.5-14b",
  "checkpoint": "./checkpoints/astro_hybrid_qwen2_5-14b_n16_k284_t5000_s42.pt",
  "n_eval": 100,
  "seed": 123,
  "k_real": 284,
  "n_mem": 16,
  "attn_dim": 256,
  "results": {
    "pos_0": {
      "pure300": 0.69,
      "hybrid": 0.8,
      "delta": 0.1100000000000001
    },
    "pos_1": {
      "pure300": 0.69,
      "hybrid": 0.8,
      "delta": 0.1100000000000001
    },
    "pos_2": {
      "pure300": 0.7,
      "hybrid": 0.8,
      "delta": 0.10000000000000009
    },
    "pos_3": {
      "pure300": 0.5,
      "hybrid": 0.57,
      "delta": 0.06999999999999995
    }
  },
  "average": {
    "pure300": 0.645,
    "hybrid": 0.7425,
    "delta": 0.09750000000000003
  }
}