{
  "model": "qwen2.5-32b",
  "checkpoint": "./checkpoints/astro_hybrid_qwen2_5-32b_n16_k284_t5000_s42.pt",
  "n_eval": 100,
  "seed": 123,
  "k_real": 284,
  "n_mem": 16,
  "attn_dim": 256,
  "results": {
    "pos_0": {
      "pure300": 0.71,
      "hybrid": 0.78,
      "delta": 0.07000000000000006
    },
    "pos_1": {
      "pure300": 0.71,
      "hybrid": 0.77,
      "delta": 0.06000000000000005
    },
    "pos_2": {
      "pure300": 0.71,
      "hybrid": 0.77,
      "delta": 0.06000000000000005
    },
    "pos_3": {
      "pure300": 0.47,
      "hybrid": 0.51,
      "delta": 0.040000000000000036
    }
  },
  "average": {
    "pure300": 0.6499999999999999,
    "hybrid": 0.7075,
    "delta": 0.05750000000000011
  }
}