{
  "model": "llama-3.1-8b",
  "checkpoint": "./checkpoints/astro_hybrid_llama-3_1-8b_n16_k284_t5000_s42.pt",
  "n_eval": 100,
  "seed": 42,
  "k_real": 284,
  "n_mem": 16,
  "attn_dim": 256,
  "results": {
    "pos_0": {
      "pure300": 0.49,
      "hybrid": 0.59,
      "delta": 0.09999999999999998
    },
    "pos_1": {
      "pure300": 0.49,
      "hybrid": 0.59,
      "delta": 0.09999999999999998
    },
    "pos_2": {
      "pure300": 0.49,
      "hybrid": 0.59,
      "delta": 0.09999999999999998
    },
    "pos_3": {
      "pure300": 0.6,
      "hybrid": 0.73,
      "delta": 0.13
    }
  },
  "average": {
    "pure300": 0.5175,
    "hybrid": 0.625,
    "delta": 0.10750000000000004
  }
}