{
  "model": "mistral-small-24b",
  "checkpoint": "./checkpoints/astro_hybrid_mistral-small-24b_n16_k284_t5000_s42_w10_diverse.pt",
  "n_eval": 100,
  "seed": 7,
  "k_real": 284,
  "n_mem": 16,
  "attn_dim": 256,
  "results": {
    "pos_0": {
      "pure300": 0.63,
      "hybrid": 0.62,
      "delta": -0.010000000000000009
    },
    "pos_1": {
      "pure300": 0.63,
      "hybrid": 0.62,
      "delta": -0.010000000000000009
    },
    "pos_2": {
      "pure300": 0.63,
      "hybrid": 0.62,
      "delta": -0.010000000000000009
    },
    "pos_3": {
      "pure300": 0.45,
      "hybrid": 0.47,
      "delta": 0.019999999999999962
    }
  },
  "average": {
    "pure300": 0.5850000000000001,
    "hybrid": 0.5825,
    "delta": -0.0025000000000000577
  }
}