{
  "model": "mistral-7b-v0.3",
  "checkpoint": "./checkpoints/astro_hybrid_mistral-7b-v0_3_n16_k284_t5000_s42_w10_diverse.pt",
  "n_eval": 100,
  "seed": 7,
  "k_real": 284,
  "n_mem": 16,
  "attn_dim": 256,
  "results": {
    "pos_0": {
      "pure300": 0.42,
      "hybrid": 0.56,
      "delta": 0.14000000000000007
    },
    "pos_1": {
      "pure300": 0.42,
      "hybrid": 0.57,
      "delta": 0.14999999999999997
    },
    "pos_2": {
      "pure300": 0.42,
      "hybrid": 0.57,
      "delta": 0.14999999999999997
    },
    "pos_3": {
      "pure300": 0.38,
      "hybrid": 0.44,
      "delta": 0.06
    }
  },
  "average": {
    "pure300": 0.41000000000000003,
    "hybrid": 0.5349999999999999,
    "delta": 0.12499999999999989
  }
}