{
  "model": "mistral-small-24b",
  "checkpoint": "./checkpoints/astro_hybrid_mistral-small-24b_n16_k284_t5000_s42_w10_diverse.pt",
  "n_eval": 100,
  "seed": 123,
  "k_real": 284,
  "n_mem": 16,
  "attn_dim": 256,
  "results": {
    "pos_0": {
      "pure300": 0.67,
      "hybrid": 0.71,
      "delta": 0.039999999999999925
    },
    "pos_1": {
      "pure300": 0.67,
      "hybrid": 0.7,
      "delta": 0.029999999999999916
    },
    "pos_2": {
      "pure300": 0.67,
      "hybrid": 0.7,
      "delta": 0.029999999999999916
    },
    "pos_3": {
      "pure300": 0.53,
      "hybrid": 0.56,
      "delta": 0.030000000000000027
    }
  },
  "average": {
    "pure300": 0.635,
    "hybrid": 0.6675,
    "delta": 0.03249999999999997
  }
}