{
  "model": "qwen2.5-32b",
  "checkpoint": "./checkpoints/astro_hybrid_qwen2_5-32b_n16_k284_t5000_s42.pt",
  "n_eval": 100,
  "seed": 2024,
  "k_real": 284,
  "n_mem": 16,
  "attn_dim": 256,
  "results": {
    "pos_0": {
      "pure300": 0.8,
      "hybrid": 0.84,
      "delta": 0.039999999999999925
    },
    "pos_1": {
      "pure300": 0.8,
      "hybrid": 0.85,
      "delta": 0.04999999999999993
    },
    "pos_2": {
      "pure300": 0.8,
      "hybrid": 0.84,
      "delta": 0.039999999999999925
    },
    "pos_3": {
      "pure300": 0.5,
      "hybrid": 0.54,
      "delta": 0.040000000000000036
    }
  },
  "average": {
    "pure300": 0.7250000000000001,
    "hybrid": 0.7675,
    "delta": 0.04249999999999987
  }
}