{
  "model": "qwen2.5-32b",
  "checkpoint": "./checkpoints/astro_hybrid_qwen2_5-32b_n16_k284_t5000_s42.pt",
  "n_eval": 100,
  "seed": 7,
  "k_real": 284,
  "n_mem": 16,
  "attn_dim": 256,
  "results": {
    "pos_0": {
      "pure300": 0.65,
      "hybrid": 0.76,
      "delta": 0.10999999999999999
    },
    "pos_1": {
      "pure300": 0.65,
      "hybrid": 0.76,
      "delta": 0.10999999999999999
    },
    "pos_2": {
      "pure300": 0.65,
      "hybrid": 0.76,
      "delta": 0.10999999999999999
    },
    "pos_3": {
      "pure300": 0.42,
      "hybrid": 0.48,
      "delta": 0.06
    }
  },
  "average": {
    "pure300": 0.5925,
    "hybrid": 0.6900000000000001,
    "delta": 0.09750000000000003
  }
}