{
  "model": "mistral-7b-v0.3",
  "checkpoint": "./checkpoints/astro_hybrid_mistral-7b-v0_3_n16_k284_t5000_s42.pt",
  "n_eval": 100,
  "seed": 123,
  "k_real": 284,
  "n_mem": 16,
  "attn_dim": 256,
  "results": {
    "pos_0": {
      "pure300": 0.43,
      "hybrid": 0.59,
      "delta": 0.15999999999999998
    },
    "pos_1": {
      "pure300": 0.42,
      "hybrid": 0.6,
      "delta": 0.18
    },
    "pos_2": {
      "pure300": 0.42,
      "hybrid": 0.59,
      "delta": 0.16999999999999998
    },
    "pos_3": {
      "pure300": 0.48,
      "hybrid": 0.54,
      "delta": 0.06000000000000005
    }
  },
  "average": {
    "pure300": 0.4375,
    "hybrid": 0.58,
    "delta": 0.14249999999999996
  }
}