{
  "model": "qwen2.5-7b",
  "checkpoint": "./checkpoints/astro_hybrid_qwen2_5-7b_n16_k284_t5000_s42.pt",
  "n_eval": 100,
  "seed": 2024,
  "k_real": 284,
  "n_mem": 16,
  "attn_dim": 512,
  "results": {
    "pos_0": {
      "pure300": 0.7,
      "hybrid": 0.79,
      "delta": 0.09000000000000008
    },
    "pos_1": {
      "pure300": 0.7,
      "hybrid": 0.79,
      "delta": 0.09000000000000008
    },
    "pos_2": {
      "pure300": 0.7,
      "hybrid": 0.79,
      "delta": 0.09000000000000008
    },
    "pos_3": {
      "pure300": 0.45,
      "hybrid": 0.52,
      "delta": 0.07
    }
  },
  "average": {
    "pure300": 0.6375,
    "hybrid": 0.7225,
    "delta": 0.08500000000000008
  }
}