{
  "model": "mistral-small-24b",
  "checkpoint": "./checkpoints/astro_hybrid_mistral-small-24b_n16_k284_t5000_s42.pt",
  "n_eval": 100,
  "seed": 42,
  "k_real": 284,
  "n_mem": 16,
  "attn_dim": 256,
  "results": {
    "pos_0": {
      "pure300": 0.51,
      "hybrid": 0.56,
      "delta": 0.050000000000000044
    },
    "pos_1": {
      "pure300": 0.51,
      "hybrid": 0.56,
      "delta": 0.050000000000000044
    },
    "pos_2": {
      "pure300": 0.51,
      "hybrid": 0.56,
      "delta": 0.050000000000000044
    },
    "pos_3": {
      "pure300": 0.65,
      "hybrid": 0.69,
      "delta": 0.039999999999999925
    }
  },
  "average": {
    "pure300": 0.545,
    "hybrid": 0.5925,
    "delta": 0.04749999999999999
  }
}