{
  "model": "qwen2.5-14b",
  "checkpoint": "./checkpoints/astro_hybrid_qwen2_5-14b_n16_k284_t5000_s42.pt",
  "n_eval": 100,
  "seed": 2024,
  "k_real": 284,
  "n_mem": 16,
  "attn_dim": 256,
  "results": {
    "pos_0": {
      "pure300": 0.79,
      "hybrid": 0.85,
      "delta": 0.05999999999999994
    },
    "pos_1": {
      "pure300": 0.79,
      "hybrid": 0.85,
      "delta": 0.05999999999999994
    },
    "pos_2": {
      "pure300": 0.79,
      "hybrid": 0.85,
      "delta": 0.05999999999999994
    },
    "pos_3": {
      "pure300": 0.49,
      "hybrid": 0.57,
      "delta": 0.07999999999999996
    }
  },
  "average": {
    "pure300": 0.7150000000000001,
    "hybrid": 0.7799999999999999,
    "delta": 0.06499999999999984
  }
}