{
  "model": "qwen2.5-14b",
  "checkpoint": "./checkpoints/astro_hybrid_qwen2_5-14b_n16_k284_t5000_s42.pt",
  "n_eval": 100,
  "seed": 7,
  "k_real": 284,
  "n_mem": 16,
  "attn_dim": 256,
  "results": {
    "pos_0": {
      "pure300": 0.71,
      "hybrid": 0.78,
      "delta": 0.07000000000000006
    },
    "pos_1": {
      "pure300": 0.7,
      "hybrid": 0.78,
      "delta": 0.08000000000000007
    },
    "pos_2": {
      "pure300": 0.71,
      "hybrid": 0.79,
      "delta": 0.08000000000000007
    },
    "pos_3": {
      "pure300": 0.42,
      "hybrid": 0.49,
      "delta": 0.07
    }
  },
  "average": {
    "pure300": 0.635,
    "hybrid": 0.71,
    "delta": 0.07499999999999996
  }
}