{
  "model": "mistral-small-24b",
  "checkpoint": "./checkpoints/astro_hybrid_mistral-small-24b_n16_k284_t5000_s42_w10_diverse.pt",
  "n_eval": 100,
  "seed": 42,
  "k_real": 284,
  "n_mem": 16,
  "attn_dim": 256,
  "results": {
    "pos_0": {
      "pure300": 0.57,
      "hybrid": 0.66,
      "delta": 0.09000000000000008
    },
    "pos_1": {
      "pure300": 0.56,
      "hybrid": 0.66,
      "delta": 0.09999999999999998
    },
    "pos_2": {
      "pure300": 0.56,
      "hybrid": 0.66,
      "delta": 0.09999999999999998
    },
    "pos_3": {
      "pure300": 0.47,
      "hybrid": 0.54,
      "delta": 0.07000000000000006
    }
  },
  "average": {
    "pure300": 0.54,
    "hybrid": 0.63,
    "delta": 0.08999999999999997
  }
}