{
  "model": "mistral-7b-v0.3",
  "checkpoint": "./checkpoints/astro_hybrid_mistral-7b-v0_3_n16_k284_t5000_s42.pt",
  "n_eval": 100,
  "seed": 42,
  "k_real": 284,
  "n_mem": 16,
  "attn_dim": 256,
  "results": {
    "pos_0": {
      "pure300": 0.43,
      "hybrid": 0.51,
      "delta": 0.08000000000000002
    },
    "pos_1": {
      "pure300": 0.43,
      "hybrid": 0.51,
      "delta": 0.08000000000000002
    },
    "pos_2": {
      "pure300": 0.43,
      "hybrid": 0.52,
      "delta": 0.09000000000000002
    },
    "pos_3": {
      "pure300": 0.52,
      "hybrid": 0.67,
      "delta": 0.15000000000000002
    }
  },
  "average": {
    "pure300": 0.4525,
    "hybrid": 0.5525,
    "delta": 0.09999999999999998
  }
}