{
  "model": "qwen2.5-7b",
  "k": 300,
  "results": {
    "hotpotqa": {
      "streaming_llm": 6.459092163874773,
      "h2o": 29.14264681234095,
      "snapkv": 23.316210982000456,
      "multiplicative": 24.263170601328497,
      "hybrid": 23.44094178378891
    },
    "multifieldqa_en": {
      "streaming_llm": 6.746584051175018,
      "h2o": 15.503748948276543,
      "snapkv": 12.884644557269429,
      "multiplicative": 13.640785006471399,
      "hybrid": 15.703263277541597
    }
  }
}