{
  "model": "qwen2.5-14b",
  "k": 300,
  "results": {
    "hotpotqa": {
      "streaming_llm": 10.161879106679486,
      "h2o": 27.51279113515439,
      "snapkv": 15.173349884055945,
      "multiplicative": 18.131224046030404,
      "hybrid": 29.344652365344963
    },
    "multifieldqa_en": {
      "streaming_llm": 10.14767485472671,
      "h2o": 17.757896632111276,
      "snapkv": 19.605467075755016,
      "multiplicative": 19.414020571930294,
      "hybrid": 14.214417742483004
    }
  }
}