{
  "model": "llama-3.1-8b",
  "k": 300,
  "results": {
    "hotpotqa": {
      "streaming_llm": 9.136606209882073,
      "h2o": 15.968531056147153,
      "snapkv": 17.114025587938627,
      "multiplicative": 16.445719639837286,
      "hybrid": 23.126356127898905
    },
    "multifieldqa_en": {
      "streaming_llm": 7.114654800911204,
      "h2o": 9.45579667848094,
      "snapkv": 11.648642741618366,
      "multiplicative": 12.368308093622382,
      "hybrid": 15.060901709050324
    }
  }
}