{
  "model": "mistral-7b-v0.3",
  "k": 300,
  "results": {
    "hotpotqa": {
      "streaming_llm": 6.449167381690265,
      "h2o": 3.7248937612095507,
      "snapkv": 0.6635243841126195
    },
    "multifieldqa_en": {
      "streaming_llm": 9.46518797760207,
      "h2o": 10.518734134536583,
      "snapkv": 5.482204849368858
    }
  }
}