{
  "model": "qwen2.5-32b",
  "k": 300,
  "results": {
    "hotpotqa": {
      "streaming_llm": 8.935503287581087,
      "h2o": 19.57514320220842,
      "snapkv": 12.337527281338826,
      "multiplicative": 15.861958478398108,
      "hybrid": 24.320466432880618
    },
    "multifieldqa_en": {
      "streaming_llm": 12.89534725783447,
      "h2o": 17.687226267477836,
      "snapkv": 18.9890440965762,
      "multiplicative": 20.881338520300368,
      "hybrid": 16.55448297313702
    }
  }
}